{
  "classification_report": "              precision    recall  f1-score   support\n\n           0      0.886     0.776     0.827      1029\n           1      0.535     0.721     0.614       369\n\n    accuracy                          0.761      1398\n   macro avg      0.710     0.748     0.721      1398\nweighted avg      0.793     0.761     0.771      1398\n",
  "confusion_matrix": [
    [
      798,
      231
    ],
    [
      103,
      266
    ]
  ],
  "pr_auc": 0.6117043735131938,
  "roc_auc": 0.8266162059093864,
  "threshold": 0.334,
  "threshold_info": {
    "best_f1": 0.6157407407407408,
    "best_threshold": 0.334,
    "precision_at_best": 0.5373737373737374,
    "recall_at_best": 0.7208672086720868
  },
  "y_prob": [
    0.182,
    0.146,
    0.194,
    0.178,
    0.0,
    0.91,
    0.034,
    0.752,
    0.278,
    0.006,
    0.03,
    0.326,
    0.07,
    0.252,
    0.92,
    0.168,
    0.044,
    0.224,
    0.178,
    0.014,
    0.308,
    0.824,
    0.774,
    0.0,
    0.244,
    0.318,
    0.066,
    0.004,
    0.372,
    0.234,
    0.716,
    0.18,
    0.158,
    0.806,
    0.034,
    0.42,
    0.224,
    0.336,
    0.0,
    0.232,
    0.056,
    0.08516408902301018,
    0.252,
    0.74,
    0.568,
    0.088,
    0.076,
    0.77,
    0.168,
    0.174,
    0.29,
    0.086,
    0.024,
    0.52,
    0.006,
    0.694,
    0.864,
    0.44,
    0.512,
    0.68,
    0.47,
    0.06,
    0.528,
    0.066,
    0.008,
    0.016,
    0.366,
    0.204,
    0.0,
    0.458,
    0.14,
    0.116,
    0.296,
    0.038,
    0.042,
    0.334,
    0.256,
    0.0,
    0.848,
    0.538,
    0.114,
    0.104,
    0.99,
    0.992,
    0.0,
    0.032,
    0.852,
    0.014,
    0.752,
    0.464,
    0.648,
    0.066,
    0.314,
    0.502,
    0.386,
    0.44,
    0.444,
    0.042,
    0.512,
    0.684,
    0.11,
    0.768,
    0.962,
    0.036,
    0.44,
    0.084,
    0.0,
    0.002,
    0.9643027916121667,
    0.154,
    0.208,
    0.078,
    0.0,
    0.364,
    0.69,
    0.576,
    0.01,
    0.482414878397711,
    0.058,
    0.004,
    0.032,
    0.348,
    0.756,
    0.772,
    0.162,
    0.714,
    0.3,
    0.864,
    0.02,
    0.96,
    0.646,
    0.728,
    0.01,
    0.164,
    0.514,
    0.09,
    0.082,
    0.246,
    0.752,
    0.106,
    0.036,
    0.352,
    0.002,
    0.0,
    0.006,
    0.262,
    0.202,
    0.254,
    0.044,
    0.788,
    0.722,
    0.078,
    0.26,
    0.012,
    0.888,
    0.136,
    0.002,
    0.02,
    0.724,
    0.662,
    0.88,
    0.672,
    0.186,
    0.028,
    0.394,
    0.404,
    0.076,
    0.918,
    0.178,
    0.024,
    0.046,
    0.692,
    0.646,
    0.042,
    0.154,
    0.358,
    0.418,
    0.192,
    0.544,
    0.452,
    0.002,
    0.418,
    0.042,
    0.002,
    0.272,
    0.238,
    0.06,
    0.296,
    0.056,
    0.002,
    0.376,
    0.17,
    0.88,
    0.614,
    0.136,
    0.848,
    0.346,
    0.224,
    0.166,
    0.388,
    0.078,
    0.084,
    0.394,
    0.0,
    0.024,
    0.01,
    0.032,
    0.968,
    0.33,
    0.244,
    0.002,
    0.572,
    0.142,
    0.25,
    0.358,
    0.014,
    0.44,
    0.012,
    0.072,
    0.094,
    0.002,
    0.7988730373812951,
    0.252,
    0.342,
    0.064,
    0.466,
    0.022,
    0.8,
    0.048,
    0.04,
    0.506,
    0.198,
    0.15,
    0.248,
    0.428,
    0.024,
    0.594,
    0.482,
    0.254,
    0.174,
    0.29,
    0.152,
    0.0,
    0.044,
    0.048,
    0.194,
    0.668,
    0.016,
    0.22,
    0.622,
    0.088,
    0.166,
    0.586,
    0.544,
    0.09,
    0.676,
    0.534,
    0.438,
    0.196,
    0.132,
    0.002,
    0.446,
    0.786,
    0.048,
    0.015164089023010184,
    0.188,
    0.842,
    0.492,
    0.608,
    0.246,
    0.03,
    0.934,
    0.154,
    0.012,
    0.006,
    0.002,
    0.608,
    0.144,
    0.402,
    0.806,
    0.0,
    0.0,
    0.63,
    0.512,
    0.264,
    0.002,
    0.336,
    0.004,
    0.122,
    0.002,
    0.04,
    0.262,
    0.1,
    0.018,
    0.0,
    0.218,
    0.006,
    0.0,
    0.0,
    0.24,
    0.158,
    0.052,
    0.49,
    0.004,
    0.834,
    0.392,
    0.43,
    0.732,
    0.208,
    0.012,
    0.024,
    0.14,
    0.006,
    0.948,
    0.148,
    0.116,
    0.37,
    0.178,
    0.9543027916121667,
    0.228,
    0.01,
    0.104,
    0.52,
    0.22,
    0.294,
    0.024,
    0.104,
    0.512,
    0.422,
    0.492,
    0.8296956043956044,
    0.358,
    0.63,
    0.624,
    0.208,
    0.378,
    0.004,
    0.078,
    0.192,
    0.588,
    0.012,
    0.022,
    0.644,
    0.166,
    0.058,
    0.044,
    0.0,
    0.272,
    0.418,
    0.07,
    0.276,
    0.034,
    0.866,
    0.002,
    0.106,
    0.31,
    0.746,
    0.244,
    0.06,
    0.732,
    0.012,
    0.02,
    0.66,
    0.606,
    0.304,
    0.554,
    0.022,
    0.842,
    0.324,
    0.7,
    0.044,
    0.178,
    0.494,
    0.384,
    0.738,
    0.376,
    0.604,
    0.0,
    0.34,
    0.134,
    0.448,
    0.094,
    0.084,
    0.064,
    0.308,
    0.068,
    0.008,
    0.182,
    0.152,
    0.044,
    0.02,
    0.024,
    0.026,
    0.43,
    0.018,
    0.256,
    0.04,
    0.056,
    0.156,
    0.048,
    0.952,
    0.018,
    0.28,
    0.07,
    0.26,
    0.018,
    0.008,
    0.026,
    0.704,
    0.0,
    0.01,
    0.048,
    0.05,
    0.126,
    0.002,
    0.544,
    0.03,
    0.424,
    0.624,
    0.116,
    0.002,
    0.002,
    0.496,
    0.81,
    0.822,
    0.734,
    0.45,
    0.112,
    0.046,
    0.148,
    0.432,
    0.012,
    0.004,
    0.358,
    0.10583526613143027,
    0.52,
    0.818,
    0.536,
    0.264,
    0.004,
    0.006,
    0.118,
    0.018,
    0.294,
    0.2,
    0.222,
    0.008,
    0.102,
    0.576,
    0.578,
    0.904,
    0.0,
    0.034,
    0.1,
    0.204,
    0.118,
    0.79,
    0.932,
    0.374,
    0.46,
    0.344,
    0.632,
    0.7488148088405127,
    0.63,
    0.064,
    0.006,
    0.228,
    0.082,
    0.144,
    0.628,
    0.006,
    0.722,
    0.016,
    0.0,
    0.904,
    0.288,
    0.234,
    0.09,
    0.13,
    0.402,
    0.58,
    0.214,
    0.314,
    0.212,
    0.53,
    0.102,
    0.524,
    0.238,
    0.378,
    0.946,
    0.2,
    0.146,
    0.6632578503270523,
    0.066,
    0.118,
    0.02,
    0.956,
    0.058,
    0.178,
    0.028,
    0.494,
    0.016,
    0.014,
    0.122,
    0.482,
    0.284,
    0.008,
    0.216,
    0.036,
    0.61,
    0.094,
    0.042,
    0.9583027916121667,
    0.22,
    0.308,
    0.092,
    0.102,
    0.042,
    0.194,
    0.216,
    0.016,
    0.152,
    0.092,
    0.044,
    0.22,
    0.83,
    0.046,
    0.0,
    0.134,
    0.232,
    0.452,
    0.484,
    0.8410153633748008,
    0.486,
    0.214,
    0.0,
    0.722,
    0.064,
    0.896,
    0.156,
    0.252,
    0.022,
    0.028,
    0.198,
    0.024,
    0.032,
    0.092,
    0.0,
    0.868,
    0.012,
    0.002,
    0.406,
    0.142,
    0.32,
    0.084,
    0.556,
    0.66,
    0.056,
    0.054,
    0.286,
    0.346,
    0.014,
    0.656,
    0.148,
    0.126,
    0.0,
    0.194,
    0.494,
    0.026,
    0.17,
    0.626,
    0.026,
    0.02,
    0.608,
    0.0,
    0.124,
    0.282,
    0.148,
    0.03,
    0.062,
    0.182,
    0.256,
    0.3,
    0.274,
    0.444,
    0.004,
    0.008,
    0.006,
    0.19,
    0.486,
    0.672,
    0.556,
    0.15,
    0.724,
    0.006,
    0.494,
    0.638,
    0.95,
    0.16,
    0.13516408902301016,
    0.598,
    0.518,
    0.334,
    0.142,
    0.636,
    0.996,
    0.006,
    0.0,
    0.5,
    0.5,
    0.47,
    0.16,
    0.062,
    0.742,
    0.01,
    0.202,
    0.0,
    0.012,
    0.628,
    0.594,
    0.416,
    0.234,
    0.884,
    0.0,
    0.078,
    0.094,
    0.362,
    0.06,
    0.62,
    0.296,
    0.278,
    0.12,
    0.264,
    0.146,
    0.11,
    0.042,
    0.0,
    0.942,
    0.316,
    0.136,
    0.01,
    0.102,
    0.582,
    0.132,
    0.436,
    0.022,
    0.85,
    0.758,
    0.272,
    0.908,
    0.224,
    0.258,
    0.128,
    0.024,
    0.94,
    0.076,
    0.138,
    0.18,
    0.048,
    0.04,
