{
  "classification_report": "              precision    recall  f1-score   support\n\n           0      0.887     0.736     0.804      1029\n           1      0.502     0.741     0.598       370\n\n    accuracy                          0.737      1399\n   macro avg      0.695     0.738     0.701      1399\nweighted avg      0.785     0.737     0.750      1399\n",
  "confusion_matrix": [
    [
      757,
      272
    ],
    [
      96,
      274
    ]
  ],
  "pr_auc": 0.5737980081887976,
  "roc_auc": 0.8164696766737582,
  "threshold": 0.264,
  "threshold_info": {
    "best_f1": 0.599562363238512,
    "best_threshold": 0.264,
    "precision_at_best": 0.5036764705882353,
    "recall_at_best": 0.7405405405405405
  },
  "y_prob": [
    0.41,
    0.0838353124825779,
    0.032,
    0.012,
    0.332,
    0.642,
    0.014,
    0.0,
    0.078,
    0.012,
    0.62,
    0.136,
    0.016,
    0.138,
    0.95,
    0.088,
    0.036,
    0.208,
    0.592,
    0.05,
    0.266,
    0.30509983019215425,
    0.30962808484165355,
    0.35063039378649224,
    0.0,
    0.082,
    0.196,
    0.586,
    0.6069676506748092,
    0.058,
    0.032,
    0.316,
    0.216,
    0.346,
    0.238,
    0.424,
    0.332,
    0.382,
    0.642,
    0.332,
    0.7211642382232282,
    0.0,
    0.218,
    0.378,
    0.72,
    0.14,
    0.272,
    0.082,
    0.582,
    0.592,
    0.074,
    0.652,
    0.274,
    0.398,
    0.086,
    0.25,
    0.022,
    0.288,
    0.532,
    0.798,
    0.358,
    0.164,
    0.024,
    0.272,
    0.388,
    0.428,
    0.522,
    0.552,
    0.008,
    0.0,
    0.288,
    0.002,
    0.686,
    0.006,
    0.478,
    0.0,
    0.048,
    0.1,
    0.08,
    0.248,
    0.126,
    0.644,
    0.072,
    0.21,
    0.492,
    0.684,
    0.312,
    0.43,
    0.004,
    0.772,
    0.17,
    0.002,
    0.136,
    0.256,
    0.024,
    0.002,
    0.032,
    0.048,
    0.33,
    0.062,
    0.994,
    0.072,
    0.002,
    0.202,
    0.01,
    0.208,
    0.584,
    0.016,
    0.084,
    0.252,
    0.01,
    0.162,
    0.19,
    0.0,
    0.136,
    0.372,
    0.076,
    0.0,
    0.024,
    0.094,
    0.046,
    0.0,
    0.014,
    0.084,
    0.492,
    0.168,
    0.258,
    0.272,
    0.426,
    0.052,
    0.058,
    0.018,
    0.76,
    0.082,
    0.044,
    0.486,
    0.008,
    0.028,
    0.8,
    0.364,
    0.048,
    0.004,
    0.108,
    0.624,
    0.006,
    0.618,
    0.196,
    0.43716423822322814,
    0.784,
    0.0,
    0.338,
    0.366,
    0.73,
    0.25,
    0.0,
    0.55,
    0.012,
    0.408,
    0.02,
    0.068,
    0.814,
    0.16,
    0.034,
    0.094,
    0.746,
    0.004,
    0.134,
    0.01,
    0.296,
    0.122,
    0.582,
    0.308,
    0.454,
    0.0,
    0.346,
    0.056,
    0.01,
    0.182,
    0.01,
    0.496,
    0.004,
    0.216,
    0.002,
    0.64,
    0.0,
    0.236,
    0.888,
    0.044,
    0.286,
    0.022,
    0.274,
    0.828,
    0.322,
    0.118,
    0.024,
    0.018,
    0.04,
    0.244,
    0.874,
    0.002,
    0.194,
    0.0,
    0.0,
    0.002,
    0.002,
    0.006,
    0.298,
    0.866,
    0.2,
    0.908,
    0.0,
    0.834,
    0.05,
    0.286,
    0.008,
    0.124,
    0.04,
    0.302,
    0.0,
    0.22,
    0.004,
    0.256,
    0.35,
    0.748,
    0.034,
    0.456,
    0.1634717453505007,
    0.002,
    0.608,
    0.208,
    0.492,
    0.048,
    0.006,
    0.224,
    0.156,
    0.088,
    0.9,
    0.314,
    0.008,
    0.202,
    0.574,
    0.954,
    0.26,
    0.004,
    0.228,
    0.0,
    0.056,
    0.014,
    0.456,
    0.032,
    0.24,
    0.406,
    0.0,
    0.16,
    0.266,
    0.008,
    0.452,
    0.032,
    0.506,
    0.778,
    0.6879306341384999,
    0.226,
    0.078,
    0.021471745350500716,
    0.204,
    0.168,
    0.222,
    0.19,
    0.042,
    0.582,
    0.254,
    0.496,
    0.006,
    0.002,
    0.084,
    0.056,
    0.076,
    0.124,
    0.408,
    0.0,
    0.966,
    0.45,
    0.066,
    0.008,
    0.384,
    0.604,
    0.032,
    0.092,
    0.53,
    0.168,
    0.198,
    0.206,
    0.304,
    0.086,
    0.552,
    0.068,
    0.202,
    0.088,
    0.0,
    0.468,
    0.734,
    0.602,
    0.118,
    0.042,
    0.142,
    0.0,
    0.204,
    0.046,
    0.036,
    0.45,
    0.046,
    0.298,
    0.704,
    0.09,
    0.043070752561018756,
    0.03,
    0.106,
    0.29,
    0.054,
    0.004,
    0.61,
    0.006,
    0.66,
    0.692,
    0.28,
    0.008,
    0.414,
    0.074,
    0.12,
    0.06,
    0.24,
    0.6958296036308201,
    0.0,
    0.016,
    0.13,
    0.004,
    0.286,
    0.07,
    0.168,
    0.23990651433779062,
    0.176,
    0.098,
    0.24,
    0.132,
    0.146,
    0.104,
    0.008,
    0.106,
    0.456,
    0.316,
    0.078,
    0.0,
    0.4922928567941803,
    0.058,
    0.01,
    0.034,
    0.498,
    0.288,
    0.944,
    0.71,
    0.256,
    0.2,
    0.072,
    0.304,
    0.184,
    0.13,
    0.084,
    0.142,
    0.082,
    0.878,
    0.772,
    0.314,
    0.01,
    0.008,
    0.002,
    0.292,
    0.104,
    0.85,
    0.554,
    0.7,
    0.238,
    0.358,
    0.642,
    0.004,
    0.34,
    0.004,
    0.006,
    0.018,
    0.65,
    0.474,
    0.274,
    0.5886665248567845,
    0.306,
    0.028,
    0.612,
    0.87,
    0.036,
    0.304,
    0.544,
    0.026,
    0.0,
    0.146,
    0.74,
    0.276,
    0.0,
    0.006,
    0.28,
    0.056,
    0.806,
    0.092,
    0.008,
    0.554,
    0.034,
    0.198,
    0.996,
    0.006,
    0.254,
    0.966,
    0.01,
    0.088,
    0.374,
    0.888,
    0.278,
    0.492,
    0.504,
    0.012,
    0.158,
    0.14,
    0.19,
    0.202,
    0.136,
    0.564,
    0.458,
    0.712,
    0.238,
    0.634,
    0.182,
    0.114,
    0.01,
    0.036,
    0.582,
    0.176,
    0.37778628273766457,
    0.154,
    0.35947174535050075,
    0.214,
    0.172,
    0.282,
    0.046,
    0.828,
    0.002,
    0.762,
    0.0,
    0.194,
    0.39,
    0.048,
    0.938,
    0.498,
    0.236,
    0.012,
    0.292,
    0.881481966265016,
    0.116,
    0.814,
    0.292,
    0.002,
    0.178,
    0.964,
    0.184,
    0.124,
    0.732,
    0.518,
    0.018,
    0.414,
    0.006,
    0.05,
    0.488,
    0.106,
    0.796,
    0.332,
    0.41747174535050074,
    0.0,
    0.01,
    0.0,
    0.092,
    0.4,
    0.03,
    0.01,
    0.022,
    0.552,
    0.246,
    0.04369568352735139,
    0.196,
    0.108,
    0.392,
    0.192,
    0.034,
    0.0,
    0.146,
    0.162,
    0.502,
    0.528,
    0.118,
    0.126,
    0.198,
    0.004,
    0.08,
    0.29,
    0.0,
    0.83,
    0.424,
    0.0,
    0.792,
    0.002,
    0.304,
    0.502,
    0.746,
    0.564,
    0.072,
    0.498,
    0.038,
    0.586,
    0.148,
    0.514,
    0.126,
    0.254,
    0.13,
    0.034,
    0.476,
    0.506,
    0.286,
    0.152,
    0.028,
    0.094,
    0.004,
    0.426,
    0.666,
    0.034,
    0.0,
    0.518,
    0.206,
    0.15,
    0.058,
    0.6,
    0.966,
    0.27,
    0.486,
    0.602,
    0.286,
    0.016,
    0.006,
    0.228,
    0.814,
    0.004,
    0.124,
    0.4352524299579489,
    0.132,
    0.0,
    0.054,
    0.186,
    0.942,
    0.008,
    0.03,
    0.468,
    0.172,
    0.02,
    0.974,
    0.678,
    0.666,
    0.036,
    0.616,
    0.176,
    0.024,
    0.318,
    0.002,
    0.264,
    0.032,
    0.146,
    0.308,
    0.03,
    0.588,
    0.072,
    0.0,
    0.046,
    0.028,
    0.018,
    0.388,
    0.002,
    0.384,
    0.836,
    0.57,
    0.0,
    0.0,
    0.006,
    0.588,
    0.65,
    0.37,
    0.004,
    0.0,
    0.22527515780208174,
    0.008,
    0.24,
    0.026,
    0.29,
    0.006,
    0.76,
    0.06,
    0.122,
    0.068,
    0.464,
    0.406,
    0.21,
    0.358,
    0.0,
    0.006,
    0.034,
    0.806,
    0.166,
    0.0,
    0.574,
    0.01,
    0.048,
    0.416,
    0.266,
    0.702,
    0.57,
    0.0,
    0.272,
    0.008,
    0.058,
    0.124,
    0.736,
    0.702,
    0.8,
    0.632,
    0.0,
    0.002,
    0.394,
    0.134,
    0.008,
    0.05,
    0.156,
    0.35,
    0.268,
    0.272,
    0.138,
    0.08274930637445374,
    0.602,
